,count,unique,top,freq,mean,std,min,25%,50%,75%,max
holiday,61,11,Labor Day,7,,,,,,,
temp,48204.0,,,,281.2058703012198,13.338231912676328,0.0,272.16,282.45,291.806,310.07
rain_1h,48204.0,,,,0.33426396149697124,44.78913303693919,0.0,0.0,0.0,0.0,9831.3
snow_1h,48204.0,,,,0.00022238818355323212,0.00816761120536159,0.0,0.0,0.0,0.0,0.51
clouds_all,48204.0,,,,49.36223135009543,39.01575046141364,0.0,1.0,64.0,90.0,100.0
weather_main,48204,11,Clouds,15164,,,,,,,
weather_description,48204,38,sky is clear,11665,,,,,,,
date_time,48204,40575,18-04-2013 22:00,6,,,,,,,
traffic_volume,48204.0,,,,3259.8183553232097,1986.8606704463589,0.0,1193.0,3380.0,4933.0,7280.0
